{"cameraMode":{"drawMode":0,"name":"Shaded","section":"Shading Mode"},"sceneLighting":true,"audioPlay":false,"sceneViewState":{"m_AlwaysRefresh":false,"showFog":true,"showSkybox":true,"showFlares":true,"showImageEffects":true,"showParticleSystems":true,"showVisualEffectGraphs":true,"m_FxEnabled":true},"in2DMode":false,"pivot":{"x":6.633118152618408,"y":3.9308552742004396,"z":2.8424227237701418},"rotation":{"x":-0.2367502599954605,"y":0.14566448330879212,"z":-0.03592658415436745,"w":-0.9599199891090393},"size":1.8332701921463013,"orthographic":false}